run_id,backbone,feature_source,fusion_method,seed,feature_dim,class_weighting,optimizer,learning_rate,weight_decay,dropout,hidden_dims,experiment_name,run_tag,best_val_macro_f1,best_val_epoch,accuracy,macro_precision,macro_recall,macro_f1,weighted_f1
20260526_190502_frozen_effb0_none_mlp_cw_sgd_d03_s42,efficientnet_b0,frozen,none,42,1280,True,sgd,0.01,0.0001,0.3,"[512, 256]",frozen_single_backbone_mlp_hparam_v1,cw_sgd_d03,0.536228432753101,19,0.6924101198402131,0.5288232313391141,0.6182402883508604,0.5604520802695372,0.7184801881180386
20260526_190006_frozen_r50_none_mlp_nocw_adamw_d03_s42,resnet50,frozen,none,42,2048,False,adamw,0.001,0.0001,0.3,"[512, 256]",frozen_single_backbone_mlp_hparam_v1,nocw_adamw_d03,0.5713269518543554,11,0.748335552596538,0.547296758281665,0.5464077758079332,0.5426044741377948,0.7455234808563161
20260526_185917_frozen_mnv2_none_mlp_cw_adamw_d03_s42,mobilenet_v2,frozen,none,42,1280,True,adamw,0.001,0.0001,0.3,"[512, 256]",frozen_single_backbone_mlp_hparam_v1,cw_adamw_d03,0.47636992657222876,19,0.6677762982689747,0.4537491109183387,0.5034150771135554,0.46752625210354765,0.6918025427372162
